"V1","V2"
0.49627131,-0.34275349
-0.16629956,0.92234209
0.71895601,0.66529038
-0.33784004,0.91207431
0.10376847,0.11694588
0.70280408,0.66771976
-0.6149035,0.88168423
0.6678349,-0.45681471
0.80343919,0.76841857
0.43451943,0.83354826
-0.4515259,0.86768789
0.57317888,-0.41343333
1.56641699,-0.44018606
1.39625769,-0.35363529
1.01196918,-0.56296438
1.07186614,-0.03392873
-0.06770489,0.98593655
1.7396364,-0.17303883
0.21444148,-0.12879012
0.98429197,-0.46951291
1.99886699,0.3494414
1.1320095,-0.54860557
0.08251082,0.98959594
0.71368616,-0.49989853
-1.03617969,0.38909278
0.47508227,-0.36999018
0.18580061,0.95263759
0.11973086,0.02240609
1.99365507,0.4454781
0.63744582,0.74790066
1.06819621,-0.4822781
-0.14847353,1.05031276
0.38680677,0.98065737
-0.17867141,0.94045045
1.28225842,-0.39634268
-0.98032628,0.100863
1.98737731,0.46447659
0.12674758,-0.1123731
0.44439379,-0.29178263
0.61501311,0.72449528
-0.90785554,0.5152064
0.00688954,0.97148912
1.81550077,0.00544187
1.97381122,0.3168839
0.88813884,-0.55786708
0.01316943,1.01493028
1.95863743,0.15444575
0.46626893,0.87914384
0.42397682,0.98857222
0.66998377,0.78933273
0.54995554,0.8267603
0.65288104,0.67893857
0.16762013,0.12402488
2.02198308,0.28936702
2.03631181,0.39212278
-0.70530412,0.80220944
0.72172124,-0.44684713
-1.05725224,0.28887134
0.53873819,0.70798815
-0.73045334,0.64125519
-0.0850584,1.04061692
0.4465168,0.81757547
0.89536662,0.41427448
0.2990423,-0.12188192
0.34081451,-0.26888578
0.64034345,-0.42510672
-0.10482055,0.87474455
1.02580755,0.03087138
1.50008337,-0.38837959
1.05855658,-0.48687146
0.15314264,0.14390596
0.6988317,0.73274983
0.337857,1.00180556
0.58237582,0.7797311
0.51663064,0.90824205
-0.01216073,0.54971681
0.37741528,-0.20937716
0.39830741,0.87607977
0.07960872,0.40701684
0.93214581,0.25311442
0.39030422,-0.20908166
-0.54891865,0.77536949
0.60176122,-0.47230967
0.33016425,-0.21482123
1.87019758,0.07326591
0.23989762,-0.05102835
-0.17353571,1.00931847
0.59613649,-0.40031938
0.57352126,-0.35260526
2.05651567,0.16941015
0.60828263,0.7683494
0.00909415,0.9438349
0.94072214,0.28064549
0.46097506,-0.39629306
1.5928164,-0.42529363
1.49564416,-0.38119933
1.72136735,-0.13140338
1.57597723,-0.28695985
0.0200877,0.56995922
0.81155065,0.5767021
0.05555015,0.27252349
1.81947455,-0.05458154
1.10355782,-0.45343696
0.40939152,1.02525156
0.73736874,0.75197517
0.8720738,0.50496364
0.78582873,-0.46677134
0.96239196,-0.56411483
-0.11020956,0.95393792
-0.07026843,0.99761446
1.37877401,-0.45857922
1.73832802,-0.38859516
0.63914358,-0.49651483
0.0787859626,-1.82858224e-06
0.04008694,0.09026835
1.57689556,-0.28779669
-0.20091183,1.06332592
0.99838714,0.1445062
0.32351193,-0.12283421
0.26492579,1.01529028
0.10026125,-0.06560249
1.6589304,-0.31757987
1.94750518,0.13175104
0.98386229,-0.48442856
0.15734476,-0.01776486
0.89142112,-0.56434812
1.66091817,-0.35771825
-0.80024362,0.6552242
-0.88739431,0.57242606
0.19267552,-0.20858505
0.43682071,-0.3735815
1.54449181,-0.29262358
0.78185129,0.65067166
-0.97493824,0.42330341
2.05708752,0.44539359
0.10428272,0.13903115
-0.90035956,0.51492618
0.11012292,0.15203961
0.13242755,-0.10030692
1.58899709,-0.31632972
0.63597863,-0.29989754
-0.93190019,0.3938564
0.43926658,-0.44038096
0.14152062,0.10624562
-0.91887019,0.43185603
0.96258657,-0.4318923
-0.21757922,0.99324716
0.8005618,-0.44189529
-1.04042347,0.04710306
1.044428,0.20886548
1.8102651,0.07761265
1.75960356,-0.00913581
0.90223453,0.57882616
-0.01220988,0.40059907
-0.82179534,0.44467987
0.19336289,-0.1733251
1.71310002,-0.29775838
-0.96745199,0.22284037
1.0559054,-0.58919504
0.50437788,0.88708686
0.547195,0.81984131
0.29922649,-0.19367111
1.48753712,-0.37629561
0.83560916,0.51365931
0.65815352,-0.42346087
1.23334168,-0.4173145
0.80914068,0.42095474
0.74632446,0.69330258
0.94912762,0.44507804
1.05458655,0.12527288
0.51790215,0.89020074
1.76882871,-0.05147103
0.20570097,-0.16185408
0.73927137,0.6804023
0.26266724,0.93565512
0.34298278,-0.26014765
1.47591158,-0.40611924
-0.5043637,0.85630539
1.91348404,0.23854163
0.00402296,0.17547212
-0.55424716,0.67436284
0.97043191,0.21319446
0.92801673,0.11463784
1.11442378,-0.50529892
0.41387481,1.03799141
-0.9096512,0.56653697
0.12941711,0.98363959
0.25208664,-0.17306077
2.04695889,0.18112189
0.66859234,0.79005345
1.04094309,0.04598037
-0.94221076,0.46692103
0.89933869,-0.58397102
-0.94866931,0.43053789
-0.02827439,1.00848025
0.37759567,-0.34948419
0.17706968,0.97891882
2.01013685,0.26143797
-0.411131,0.89255762
1.30685518,-0.5077447
-1.06035709,0.0386466
-0.73654773,0.80859235
1.91021162,0.18197468
0.87790111,-0.44735282
0.85232828,0.41639771
-0.3697986,0.96910472
1.33188588,-0.38937343
-0.02026886,0.17674584
0.46689378,-0.34157536
-0.48844395,0.86859377
1.5839788,-0.33380039
0.68004628,-0.51674124
-0.43341959,0.84094705
2.04773671,0.11577495
-0.02538168,0.20491211
0.04086779,0.43719667
1.40934716,-0.32289744
0.24129031,-0.14864414
0.54743904,0.79283926
0.4194393,0.93415485
0.99037411,0.31721017
-0.93260922,0.22689206
0.96414494,0.15437022
0.36534976,0.88055635
1.96625025,0.28254772
1.38200815,-0.42848222
1.77457046,-0.07909274
1.27936178,-0.47528682
-0.32703002,0.94249354
-0.84683147,0.59868422
1.8211764,0.15414431
-0.29701239,0.96466364
0.28467795,-0.24623179
0.03661901,0.87161462
-0.88268589,0.56139299
0.46353426,-0.405212
-1.01928891,0.09658101
1.18657972,-0.5032688
1.06419937,0.20349201
-0.01408018,0.98426186
-0.26053074,0.93773356
0.47611851,0.88805289
-0.89915613,0.37077983
-0.96752715,0.1985857
0.08051606,0.3043941
-0.15279518,0.9949682
0.13403664,-0.02637812
0.34245986,0.04861605
0.78941599,-0.52368536
1.75876815,-0.13635624
0.3804869,0.95445143
0.29156451,-0.18411905
-0.57158862,0.77113052
-0.07858154,0.2674241
-0.89729602,0.40556288
-0.73499333,0.68695232
-0.08265351,0.99122428
0.35819869,-0.18158344
0.45845947,-0.39692533
0.17281111,0.98422923
0.74039287,-0.47082095
1.00605469,0.23933349
-0.43157336,0.91454624
1.69660703,-0.30973843
1.9322886,0.37684579
0.92976452,0.45351566
2.03558773,0.56831454
0.9761582,0.12409944
0.46335515,-0.42472474
-0.60150854,0.75220281
-0.5621833,0.80270643
0.57294911,0.83905655
0.40551937,-0.27983552
1.35751828,-0.4548623
0.09663801,1.01599996
-0.89086579,0.53747568
0.08626613,-0.10860075
-0.28277207,0.98081354
0.47190716,0.92653339
0.36600142,0.86481197
0.6577067,0.90999922
0.56323959,-0.35030364
1.00159374,-0.56499355
1.21481566,-0.44901421
1.48630593,-0.4026878
0.8741451,0.1547975
1.8364777,-0.10401361
0.02789563,0.28941461
-0.02532433,0.50960488
0.6160376,0.91944293
0.02836041,0.46453828
0.7525923,0.68939894
0.59099229,0.71741492
0.01741674,0.97864056
0.62317963,-0.3855456
1.96393618,0.07310981
-0.80962619,0.50468871
2.02301181,0.39810286
0.28212886,-0.16821948
-0.13541054,0.93484476
0.92735221,-0.57073386
0.70181195,-0.56687217
1.92513726,0.11172663
-0.83171099,0.41315851
0.38155468,-0.33327945
1.90129593,0.03187268
-0.57105164,0.79001223
-1.03099618,0.05497754
1.64537396,-0.13023609
0.80568202,0.54453118
-0.99489375,0.15974517
0.12679632,0.1422651
0.05054627,0.01041725
0.26352278,-0.16743104
0.92128044,0.26806197
-0.65630499,0.60164104
-0.143499,0.97720374
0.94568463,0.58595061
0.01370895,0.50996814
1.72995058,-0.21376476
1.75985527,0.00596831
1.15555449,-0.47421092
0.1959093,0.92452196
-0.93194927,0.38419347
0.20064287,1.05685641
2.03033129,0.51738537
-0.78589208,0.55783689
1.93670542,0.0582748
0.08842686,0.15899985
0.36603045,0.97237128
1.07858476,-0.46058997
1.25650666,-0.45934418
-0.94647674,0.08508603
-1.07392474,0.17726445
0.11815529,0.12906323
0.03685878,0.30232915
2.0503799,0.15771284
0.0531947,1.02537617
0.01913083,0.27551675
-0.0575672,0.41411723
0.17400433,-0.15168903
1.96309624,0.34002402
0.7928128,-0.42973166
0.54230455,0.79284673
1.03070399,0.02061325
-0.87039433,0.58065996
0.94717429,-0.02629065
-0.03591454,0.23509224
0.91232258,0.43015773
0.39332243,0.87147091
1.61667218,-0.27885973
1.89879624,0.3195879
0.14308066,0.90847949
0.83344796,0.46058962
0.56637012,0.79558479
-0.79569013,0.47896841
-0.52179753,0.76392525
0.46391835,-0.42747463
0.97241127,0.17211549
0.32891412,0.9893702
-0.33088237,0.87969341
1.34019506,-0.45295621
-0.35646207,0.92799232
-0.22307847,0.92748982
0.20680314,-0.04337293
-1.05968512,0.2075197
-0.88641155,0.23999189
0.72792778,0.56923242
2.01409659,0.40705849
1.1087553,0.07531622
-0.92345378,0.04974273
0.40751785,0.91745733
0.90642901,0.07853063
1.61075999,-0.27486308
1.06839853,-0.55737602
1.84304667,-0.02840161
0.27446364,-0.21113433
0.914475,0.22928772
1.38391034,-0.40974599
1.86266785,0.39677678
-0.01262485,0.46251912
1.68978165,-0.17856574
0.26207772,-0.24162735
-0.04788429,0.97358253
0.88012206,-0.52989323
0.90244537,-0.49136533
-0.01904316,0.04087278
0.70751399,-0.39104055
-0.72489714,0.69395434
0.37207002,0.91430313
0.9278153,0.35525207
0.794788,-0.53271005
-0.95785343,0.17951167
0.73504232,-0.52667459
-0.84414915,0.53747174
1.58507299,-0.25057277
0.87533183,-0.48500982
0.79675811,-0.49382037
-0.87231869,0.25863198
0.60328593,-0.33536993
-0.69586978,0.64688015
-0.49899345,0.89435189
0.16207156,0.98226213
2.00765245,0.28363148
1.97868921,0.38297369
-0.80504015,0.47093198
1.9624109,0.1611356
0.93035388,-0.53760173
0.93400593,0.067405
-0.75453202,0.54048588
-0.60411948,0.71675469
-0.9745344,0.15793359
-0.05529366,0.98590755
1.69304726,-0.20209576
-0.81154414,0.59592271
0.98875335,0.25906798
0.9107984,0.37919347
-0.68295966,0.75065022
1.19071996,-0.56475104
1.6825454,-0.26157939
1.04794594,-0.4278515
-0.86870445,0.37806648
-0.61303828,0.81637541
1.64279774,-0.24074697
0.7163906,0.72083219
0.01463777,0.42320473
0.12803283,0.95612196
-0.47829086,0.91295531
1.06618125,0.07614488
-0.77559847,0.62302155
1.02481873,0.05818985
-1.01653821,0.13174268
1.99353538,0.3739103
0.48402339,0.90679658
0.64327677,0.71652966
0.25073071,-0.07519178
1.28240218,-0.45756077
-0.6584398,0.77316291
0.64780301,-0.49480662
0.85883341,0.48191574
-0.98252328,0.33082915
1.0559493,-0.5268004
-0.48104901,0.99891386
0.01146973,1.01056009
1.9199346,0.0497741
1.01151166,-0.11470979
0.87094492,0.54858459
-0.53943325,0.8971765
0.02396596,0.04786133
0.0867633,0.96894827
0.79276218,0.66708374
0.80337536,0.55357838
1.04734701,0.19793112
0.27313621,-0.20846744
0.4635163,0.93192278
1.00158322,-0.52738577
0.26314414,0.83471689
0.04099226,0.89619837
0.52953125,-0.33357196
1.8495247,-0.11613534
2.01001281,0.34151893
0.95468703,0.05625639
-0.96181917,0.55522919
-1.03734997,0.17809836
1.95909963,0.28115679
0.54474815,-0.37562412
1.71384516,-0.17276091
1.94851776,0.19338943
1.58546166,-0.30328127
0.88755108,-0.4960356
0.01748758,0.96195909
1.00760217,0.13101938
0.76514504,-0.51064305
0.18868931,-0.11815949
-0.01611476,0.23516133
0.83737454,0.37539845
1.9744533,0.55000224
1.86991289,-0.15972057
-0.05145378,0.22152796
0.98159015,0.13411862
1.47660926,-0.36861481
-0.62337758,0.78310207
0.62355107,0.79150697
-0.61505921,0.74830044
1.50905032,-0.38306796
0.97128707,-0.40452967
1.67055038,-0.26669405
2.05793558,0.17249503
0.39283984,1.01272279
0.6116767,0.7989718
-0.6303667,0.90964323
0.08544027,0.00451671
0.66612709,0.82548848
0.41468302,0.91974588
-1.00173649,-0.05369239
2.04280467,0.50414811
0.73713699,-0.42528711
0.88880166,0.55482013
-0.79194702,0.64167469
1.51630456,-0.40906132
-0.84059303,0.53907229
-0.10503891,1.01180614
1.36962274,-0.5476455
0.04225737,0.25458495
0.81132267,0.68329155
1.57642329,-0.2620817
0.18411503,0.93166785
0.94617514,-0.47009541
0.25600164,0.96949555
0.12346329,0.99877918
0.77983607,-0.40627809
1.29975073,-0.45815965
0.24629365,1.00684594
1.25816748,-0.51040098
0.99152654,0.15196949
1.42980869,-0.37591058
0.16843852,0.03639829
0.81781843,-0.43942773
0.250526,-0.16725457
0.02822661,0.45205585
-0.17651093,1.00662588
0.66938292,0.73793503
-0.77876822,0.68907029
2.01420934,0.34826823
-0.66890055,0.63133444
0.70004299,0.77512153
0.12705078,0.9665834
-0.61554995,0.80391373
-0.63822877,0.78422708
1.63793645,-0.25595795
0.60137767,-0.36881727
0.97797644,-0.53571503
1.93356497,0.31533153
1.39258928,-0.29997902
-0.98839233,0.22584369
1.81028005,-0.10166017
1.65885736,-0.28955465
-0.51012158,0.99681836
-0.39889742,0.83421993
1.50383124,-0.27000614
-0.29776625,0.93155141
1.03848095,-0.57485937
0.59549242,0.72570674
-0.78843357,0.71118732
-0.96147025,0.25244171
-0.01305898,0.91806357
0.84695864,0.62069642
0.59487511,-0.41535741
-0.97806606,0.46321835
1.19043225,-0.51713614
1.87825184,0.00296047
1.92482023,0.12300915
0.95440532,0.37989601
0.40574832,-0.32268329
0.08902901,0.14867129
-0.33693739,0.88479798
-0.11701586,0.91893076
0.39608029,-0.33471469
-0.92174341,0.30886538
0.85038922,0.43095801
0.38959285,-0.27722171
1.971562,0.35226209
-0.70393034,0.72366655
2.00382626,0.11040879
0.05692289,0.11289512
0.86173358,0.70557149
-0.74762131,0.70297998
0.04917694,0.252773
-1.04425184,0.21078187
1.91826701,0.10620074
0.01549239,0.21682853
-0.41169011,0.89550571
-0.14412401,0.94284319
0.44499321,-0.34296432
-0.99780028,-0.02276946
0.78324125,0.63216696
0.06923895,0.48826301
0.08052303,1.03461092
0.41687634,-0.28756681
0.92049699,0.10886344
0.68246329,-0.43238209
1.59984143,-0.13806275
-0.61589244,0.76343515
-0.06158437,1.07199432
1.91442069,0.06734439
0.51069121,-0.29509582
0.23674148,-0.19095479
1.13179959,-0.47950855
0.73947646,0.65366865
1.79272202,-0.19855732
1.57235889,-0.41564072
-0.16574035,0.9344066
-1.017765,0.23372885
1.0020521,0.1586028
0.07911931,0.08456308
1.01484459,0.04697979
1.8160777,-0.14420511
-0.98071537,0.17149511
-0.70328516,0.7178819
-0.95921067,0.26201422
1.16008843,-0.45814323
0.00561264,0.31502756
0.61597018,-0.47911303
0.85900178,0.5264473
-0.40501365,0.86672952
-0.92794365,0.12051285
0.84712487,0.42822936
-0.01659119,0.3864309
-0.09428678,0.25271664
1.22094089,-0.53457632
0.72658244,0.64256522
0.30735965,-0.17859496
1.12144965,-0.4299764
-0.89572394,0.46404128
0.9417081,0.33841741
0.06942639,0.16846154
0.82439363,-0.47233687
1.14064831,-0.49358626
-0.79180681,0.59029185
1.74310935,-0.11003564
-0.19913597,0.98762166
1.82061476,0.01097466
0.07954196,0.95259094
-0.54631394,0.77970139
-0.91963741,0.2742968
0.18305912,0.96970193
0.29005614,0.85971592
-0.27050472,0.96401313
-0.66052996,0.71473515
1.76277008,-0.18788223
-0.37309687,0.86608295
0.52399031,-0.39650235
0.22847531,0.93223716
0.80631805,-0.4396535
0.04075341,0.23763738
1.09917838,-0.48357697
0.85810599,0.59158616
1.2718528,-0.36914756
1.62661096,-0.32354973
-0.12363877,0.50202542
0.13078032,1.00930477
0.24374741,-0.16277311
0.01042509,0.56681839
-0.50888145,0.95799137
-0.59327077,0.75362373
0.26853502,-0.20469169
0.41866282,-0.34201299
0.1927431,-0.09151667
-0.91123341,0.23573402
0.87868452,0.45258169
-0.23678117,0.97383643
-0.77323266,0.64035215
0.4363802,-0.27029986
-0.90986104,0.41521557
1.68427124,-0.28030627
0.1849357,0.96838919
1.0525704,0.17830644
0.69470311,0.71150101
0.28633489,0.93323985
0.65287702,0.63694626
1.8237284,-0.18458777
0.7903062,-0.51064898
0.35634354,-0.25451848
0.09708213,0.18790805
0.47578188,-0.27471735
0.231007,1.00577445
1.79512196,-0.11709902
0.80109505,0.56706633
0.94689983,0.2409607
0.6379722,-0.36662269
0.30444461,-0.31094784
-0.00180761,0.4517504
1.8104737,0.35493635
1.01338876,0.23844922
-0.79849494,0.46070117
0.7515665,-0.41583247
0.24744465,-0.17778431
0.122302,0.25848667
0.20117877,-0.17388066
-0.8372252,0.66982379
0.78370051,0.66550874
-0.01803965,0.3701091
0.43781824,-0.34729137
-0.19524919,1.07267426
0.06038728,0.27801949
-0.91369457,0.42994286
1.45796936,-0.29043459
0.07024238,1.07692254
-0.47769979,0.93423334
1.76587589,-0.22667253
0.59239447,0.83798594
0.95050453,0.41989847
0.12329964,1.01298585
0.62429103,-0.42191358
1.34374842,-0.46589504
0.65088131,0.69826593
0.84432512,-0.42358243
0.26960949,0.8307836
-0.12386322,1.0988848
1.70233568,-0.18197369
1.3613395,-0.4129064
1.06288289,0.31917917
1.86966933,0.2343565
0.68988076,-0.35727463
-0.4845691,0.88211687
-0.0289648,0.40062559
-0.91887431,0.46922738
1.11343326,-0.50016103
1.6527217,-0.21977734
1.88037846,0.27903654
0.90536389,0.4137036
-0.63085614,0.7854502
0.98178954,0.17225393
0.41436644,0.91497018
-0.02215992,0.91956214
0.88819508,-0.43691872
-0.04129467,0.14508532
-0.89938281,0.41838712
-0.50661142,0.88618193
1.10255742,-0.49232831
0.13844123,0.98142758
1.27233983,-0.44186837
0.9587668,0.23228378
1.3519353,-0.46671252
0.77270095,0.6612875
1.82729241,-0.07284977
0.0979167,0.01418365
1.77924411,0.00171623765
0.2097549,1.02134254
0.73103943,-0.46500569
1.13254915,-0.47239512
0.08821737,0.92414275
1.68141116,-0.12595796
1.77332387,-0.06714755
-0.41704692,0.93881478
-0.94090062,0.40160535
1.06330883,0.2668455
1.92671673,0.27395118
1.61818085,-0.32208052
0.92802922,-0.48131876
-0.9969308,0.29463436
1.46684807,-0.42706771
0.14570212,0.97815577
1.86371398,-0.0914112
0.31378644,0.9628911
-0.01551635,0.37171132
1.81446633,0.10411168
-0.70346857,0.82916155
-0.21940882,1.05691177
1.84716415,-0.06793867
1.64908181,-0.43006884
1.96364393,0.09573996
-0.2335757,0.91269896
-0.25414373,1.03461102
0.94702196,0.35908059
-0.49580354,0.77695698
-0.01021925,0.09468418
0.1342755,-0.08492722
0.38520125,-0.21782368
0.14711293,0.92065923
-0.55296407,0.81383452
1.91717547,0.29996803
1.23879486,-0.48920645
0.80617277,0.56401606
0.56259015,0.85164892
2.06511574,0.57677573
-0.20923533,0.93966794
0.58616854,-0.44355789
0.21357084,-0.18508825
0.02614582,0.41726651
0.88851128,-0.50165482
2.07686469,0.39037425
0.11007448,-0.07279146
-0.70248758,0.65614964
0.11240047,0.99840377
0.97042764,0.40827902
-1.03710981,0.36411857
-0.9732738,0.24268815
0.57252498,-0.45100505
1.53014596,-0.40932092
0.51332762,0.75104628
0.5019719,0.87270962
-0.09536721,0.50906332
-0.8766112,0.24754737
1.5605954,-0.26693448
0.27257529,-0.26241147
-0.51896961,0.89734907
0.48812622,0.88685723
1.80154043,-0.20502642
-1.02321879,0.07998755
0.77131427,0.60526073
0.70448192,0.60030153
-1.07080956,0.07427422
0.89017759,-0.5279513
0.93302126,-0.45987383
1.90646876,0.02819276
-0.33157673,1.02112719
-0.04754889,0.19327063
1.91795793,-0.00901204
0.96189536,0.44832811
0.80556872,0.32580881
1.32961816,-0.46931736
0.1853468,-0.04833533
-0.1152274,0.93791062
0.77094658,-0.46968313
0.96859637,0.45554192
0.92683161,-0.54194595
0.54160664,0.80499327
-0.56403145,0.875823
2.05763079,0.37608671
0.14018791,-0.11696823
0.60881507,0.8915605
0.92456203,0.50256887
-0.36907594,0.96203631
1.48449368,-0.25839243
1.70064576,-0.13413191
0.00408467,0.40313453
-0.77846874,0.6476996
1.79440534,-0.09639422
1.07199259,0.20520446
0.57772823,-0.37094081
0.19456146,0.98262614
-0.85515731,0.65529
-1.02212407,-0.01623424
-0.07261077,1.06876072
-0.50248776,0.79346622
-0.96575227,0.25555338
0.96432301,0.35403165
-0.83263072,0.64430516
0.4154969,-0.28761763
1.48339261,-0.40704391
0.24053225,1.03822653
0.88973844,0.58731031
1.9774309,0.19979969
-0.99407332,0.14503204
0.49194228,0.87126758
1.94385656,0.32382784
0.55387564,0.97443815
1.74983279,-0.21138515
0.81743023,0.68311905
1.02548594,0.31184459
-1.04181268,0.06528296
0.92788391,0.26665537
1.05549074,0.000753593161
1.6179311,-0.17994569
1.86425036,0.0071304
-0.77508761,0.59384513
-0.77831481,0.7240976
-0.26529812,0.91170858
-0.00673059,0.21344564
1.79614915,-0.07765907
0.04600535,1.04169451
0.27843462,-0.36763289
1.05630166,0.00375192
-0.82751783,0.47834273
1.76186992,-0.14127191
0.20348071,1.03596128
0.57818824,-0.45523752
-0.3538637,0.89179014
0.97829211,-0.50572385
0.30472322,0.87220911
1.96802905,0.44867614
-0.94810185,0.50490971
0.74902101,-0.43091589
-0.16810329,0.93645649
-0.92920004,0.4024794
1.96943079,0.24190586
0.13960379,0.02628446
-0.91726668,0.41495005
0.41474997,0.91997766
1.13726361,-0.55666394
0.69286512,0.6823791
1.69150824,-0.11756266
0.89642791,0.36200732
-0.89470126,0.11466794
0.6060266,0.82933872
0.00277852,0.04040021
-0.78899216,0.55956794
1.01519185,-0.06314937
-1.12720606,0.03394352
0.08966182,-0.12916802
-1.00832743,0.30776271
0.85769338,0.48773613
0.15680915,0.04576937
2.03975317,0.53607344
0.92240667,0.48323947
1.0239542,-0.45929205
1.4227736,-0.36287681
0.0776945,-0.00575496
0.76598856,-0.40349612
1.75528025,-0.07193581
0.62886642,0.84506225
1.86535585,-0.09432211
0.83760464,0.57641941
0.85607721,0.37638419
1.98088359,0.29799547
-0.49430563,0.87645743
1.1630977,-0.49955906
0.8227182,0.63162726
1.57327078,-0.32371343
0.53915703,0.9144284
0.1158419,-0.17072505
1.88664481,0.08830866
0.49161863,0.83136043
1.2375712,-0.5362478
0.94846288,0.31502562
-1.00079121,0.07714735
0.06360733,-0.00355889
-0.03841379,0.20815911
1.71357517,-0.20146178
-0.77761213,0.55386236
0.52997373,-0.27854471
2.01190621,0.49038035
0.02516022,1.06447776
1.85178009,0.11764905
0.88373137,0.59613917
1.8959004,0.25512918
0.81240986,0.50735709
1.3229857,-0.48768831
0.23907653,0.91406157
0.1611634,0.95443142
-0.71408523,0.74734034
1.09993857,-0.48112269
1.31643019,-0.43905107
0.63741657,-0.45222282
0.70938197,-0.49366773
1.02262817,0.16774269
0.31454961,0.97763633
0.76838455,0.64818152
-0.29314467,0.91215646
0.86051578,0.18680923
-0.78860544,0.72158247
-0.66688666,0.76933919
0.64692952,-0.42694598
1.6724791,-0.22588683
1.47601637,-0.37213598
-0.84295209,0.34200126
-0.06482604,1.00572973
0.06367991,0.02723506
1.4473266,-0.40217695
1.53273822,-0.30225635
0.29597294,0.99135235
1.38063059,-0.4984096
-0.30297618,0.94120052
-0.4934317,0.85923732
-0.9996013,0.33626042
-0.83066628,0.71899152
-0.98028318,0.15547667
0.39126892,-0.37031999
1.09941102,-0.55985436
-0.27546633,0.98620018
0.4873575,-0.4137865
-0.37825811,0.82706695
0.49674976,-0.29964805
1.51507633,-0.30385143
0.0266835,1.01493186
-0.09879974,1.02051558
1.0357176,-0.45023681
0.79216132,0.72902162
-0.6580709,0.57386081
0.32003283,-0.23093966
0.82963943,0.5657059
0.01896581,0.44202506
1.60636831,-0.20438057
0.48474067,-0.26699842
1.31396375,-0.45658612
0.57398005,0.75101958
0.00784377,0.24714173
1.50972795,-0.32969947
0.14288377,-0.01773901
0.01081439,0.22091111
0.07924967,0.26228019
0.72743061,-0.43045011
-0.52945609,0.78313521
-0.31471916,1.02343948
-0.84942869,0.47473236
-0.22159312,1.08923929
-0.98727925,0.22974303
0.77074278,0.65218222
0.95187044,0.01094614
-0.85635421,0.5254375
1.02935352,-0.45273583
1.42413261,-0.47435375
1.80152046,-0.06737019
1.74451951,-0.36951219
-0.04346169,0.40386194
0.72477243,-0.65134406
1.92216862,-0.03936884
1.01802017,-0.44712335
0.76484471,0.61828141
0.9306026,0.50205739
0.47635542,0.92028792
0.334232,0.89914268
1.71680525,-0.2347783
0.90212565,0.2275343
-0.36447424,0.93314063
0.21495319,0.00356568
0.09223476,0.24448243
0.89327637,0.39084686
-0.48333433,0.91456268
2.01890371,0.07125649
-0.81464275,0.44226903
-0.61365454,0.81052107
0.76200937,0.41912336
1.43470636,-0.337772
-0.84273683,0.65762104
-1.04858879,0.05456071
-0.02185664,0.27999902
-0.49003399,0.89732259
1.86795708,0.06037413
0.31795728,-0.22647508
0.09565452,1.03918515
0.97146019,0.03039297
0.84405945,-0.60261964
2.05775096,0.33541943
1.540388,-0.31074247
0.87108528,-0.60514318
0.40282879,-0.23070944
1.78558937,-0.12633066
0.04354736,0.29010544
1.02527101,0.18932396
0.5188956,-0.33169694
-0.90232734,0.35179167
1.01740912,0.10665477
2.00471462,0.28907828
1.1091004,-0.46528694
1.37337021,-0.43998785
-1.1011125,0.06944795
-0.02043558,0.40036691
-0.22236357,0.94101237
0.92676671,0.54212925
-0.22448921,0.91737727
0.9376047,0.07031554
0.33324189,0.95359331
1.41987503,-0.35957253
1.93306156,0.0049522
1.82553885,-0.15395771
-0.72590816,0.70159027
1.18299963,-0.49643101
0.9798506,0.27870364
0.74728719,0.61319007
-0.88012042,0.44653839
0.95675582,-0.49520819
0.5414622,0.88992956
-0.01093652,0.33595943
2.04988256,0.31268388
0.03266497,0.99350027
1.31491471,-0.33789069
1.82755292,0.05561725
0.01513527,0.20746302
0.32118755,0.96858222
1.95968048,0.04328749
2.05166333,0.44021627
1.23495539,-0.52760631
-1.00670829,0.13533653
-0.01346318,0.29657887
-0.90012542,0.38763758
0.06244818,-0.00227246
0.73908275,-0.42904521
-0.94532765,0.00282176
-0.31939607,0.99669931
-0.81879146,0.54415967
0.29536546,0.91798598
0.23826026,-0.03036798
-0.03284936,1.01117777
1.89053914,-0.04871077
0.06927024,1.05116209
-0.81797397,0.54080332
1.50698763,-0.38910681
0.86500991,0.57052115
1.27259605,-0.40327604
0.83147335,0.61858904
1.67754222,-0.30663686
1.8636637,-0.01504432
-0.98365971,0.21949193
1.40935612,-0.44083021
0.55673476,-0.36275268
1.54204929,-0.29317669
0.27514641,0.922392
0.83974592,-0.56584005
0.59492766,-0.41677437
-0.85959091,0.53023826
0.87881062,0.44452954
-1.08928355,0.17489621
1.93396101,0.09655337
0.80015759,-0.49527942
-0.96262356,0.25542253
0.45411115,-0.26203165
1.74618658,-0.03970729
1.01530892,0.40526654
0.084266,-0.02118412
1.42505705,-0.42610246
-0.05061221,0.29549349
0.29040577,-0.22157624
1.05321237,-0.47635044
-0.96572389,0.25254904
-0.51518231,0.92397151
-0.5208741,0.80091336
1.71709027,-0.19810347
1.38384842,-0.37816239
1.9147994,0.08574983
-0.13572937,1.05552726
-0.98277578,0.01687685
1.04356671,-0.53475821
0.76739509,-0.49978327
-0.8582755,0.43904789
-1.00734074,0.15654997
0.44230284,-0.33532527
-0.6432493,0.71574323
0.15416975,0.05879135
1.87448618,0.17950916
1.25774195,-0.50767436
0.84288721,-0.53542605
-0.95822653,0.16548784
-0.88465439,0.39730033
-0.27756995,0.98990261
-0.02755472,0.43517988
-0.89896414,0.36734533
-0.96801691,0.08051927
-1.05201961,0.15980466
0.48963917,0.90946327
0.29510039,-0.33425563
-0.29375077,0.94109379
-0.96225609,0.02712508
0.89219329,0.4744523
-0.74280407,0.61645197
-0.2806492,0.94242043
0.56658619,-0.42799175
0.15030775,0.86871582
1.23821575,-0.49096831
1.53083179,-0.25845418
-0.93669226,0.28536633
-0.73176615,0.69129203
1.94011612,0.47675528
-0.94253961,0.33077049
0.28759242,0.99683635
0.45277757,-0.37905852
-0.149537,0.97397355
1.03211892,0.33723794
0.16116949,-0.17861462
0.52403229,0.88196784
0.60567766,-0.43366668
1.90302898,0.08097814
1.41140179,-0.40139282
0.08616031,0.00262379
-0.11226189,0.62742034
-0.9584058,0.03257156
0.26594905,0.8789267
-0.3301543,0.93049324
0.81051991,0.60470938
0.96549663,-0.46729078
1.01502486,-0.52931513
-0.02188192,0.41108502
-0.62866037,0.73564773
-0.86510157,0.58904195
0.53175347,0.84908672
0.36813773,-0.23975694
1.1115549,-0.50597584
1.00057547,0.21626505
0.30962864,-0.18046389
1.97016465,0.23808018
2.01550108,0.48763719
-0.66882441,0.80182141
-1.09099248,0.14094329
1.46455069,-0.38906852
2.04764921,0.35370664
0.81212387,0.37778209
0.99344577,0.4012149
1.86662351,-0.05739785
-0.61506376,0.78447047
-0.49377046,0.9263305
-0.70326316,0.70653497
0.83308019,0.59309779
0.41967778,0.93230342
0.06128948,-0.02998634
0.1118692,-0.03258359
-0.50820119,0.72136003
-0.04959104,0.46285904
-1.08473157,0.2824701
0.27926818,0.97954273
-0.33619688,1.00935673
0.13858331,-0.03731425
-0.84517735,0.57305722
0.04865087,0.21281823
1.99890722,0.43659841
1.52480963,-0.31084597
-0.85227311,0.69371245
0.31221189,-0.13707671
0.60482247,-0.41458029
-0.02209892,0.96176032
0.99027712,-0.52019004
0.05805794,0.25464882
1.94775988,0.07142116
0.31499716,-0.30223615
-1.04303144,0.04456016
1.10664756,-0.43502937
-0.21129941,0.94098219
0.9346258,0.31628866
1.96434666,0.23072643
0.7216636,0.67139236
0.14609318,-0.05048079
-0.34207632,0.93732917
2.01161159,0.44857322
0.97439115,0.31491629
0.29878626,-0.14371748
0.95592203,0.32498163
-0.4086582,0.963722
0.74280409,0.68085233
1.74370929,-0.18121044
0.31471413,-0.13770963
-0.09203119,0.96137239
-0.70247935,0.76979482
0.83901695,0.40083523
-1.04131816,0.31627437
1.84600854,-0.07661824
0.40767406,-0.32150163
1.976894,0.28472079
0.33738456,-0.33425976
0.58620123,-0.36888451
0.43256278,0.92458997
-0.87977461,0.34569673
-0.01439457,0.31379347
0.50378342,-0.23965356
-0.40776832,0.91440128
0.91626007,0.44422488
-0.4189685,0.90127369
1.1116429,-0.45259998
0.93745378,-0.52768119
0.83512023,0.6245676
-0.85101841,0.37556971
-0.91521024,0.37837492
-0.06424399,0.32780324
0.65979374,0.70801607
1.33579271,-0.44851382
0.4104195,-0.31022092
-0.16219181,0.99845869
0.22366104,-0.19882307
-0.57035776,0.83187728
1.03232396,0.1296806
0.21701871,-0.00304228
0.26161548,-0.28574221
0.04879558,0.98481288
-0.25493828,0.99480377
0.89879402,0.04683789
1.06966938,0.12604815
0.44022749,-0.28502352
0.13663744,0.19805051
1.12062449,-0.47724657
-0.97336448,0.33997901
0.05369758,0.23135122
1.26215747,-0.4864605
1.83931613,-0.08112548
2.05257757,0.42754837
1.93226639,0.4105443
0.30628154,0.95111362
-0.07534024,0.94402479
1.89891746,0.19850455
0.98122534,0.33656165
-0.92175132,0.3601997
1.07371497,0.27936213
0.03745001,0.35087967
1.24263223,-0.44935899
0.2711898,1.00629699
-0.95572224,-0.02215419
0.39892869,0.8496232
1.90554124,0.23573664
0.84907974,0.49068375
-0.9578211,0.3003142
0.41702828,0.88968305
1.93453446,0.30664971
0.47968322,-0.29454747
0.03498622,0.36021043
-1.03883687,0.21133732
0.20510332,-0.07075856
0.19062553,0.03791838
0.64564743,0.8014344
-0.6280905,0.71548702
0.73275982,0.66497419
-0.59056312,0.77544091
0.28514937,0.959786
0.80014732,-0.46761407
-0.000920600734,1.03251662
0.45524566,0.89327937
1.05218055,-0.4752565
1.22658812,-0.42556715
-0.43208959,0.92530913
1.82954367,0.25538418
0.9444582,0.19171275
-0.51015768,0.83258716
-0.93072561,0.16154876
-0.92259513,0.32988811
0.70797895,0.7399761
-0.61321589,0.76670797
1.25835304,-0.47019118
0.92700853,-0.49851953
0.32484172,0.90305491
0.87148153,0.45351923
-0.05449904,0.42191703
0.14136341,1.010463
0.82717649,0.71277352
2.01685185,0.47630763
0.92943662,-0.4567064
2.04230516,0.54899668
1.90168078,0.16353041
-0.9303548,0.40754696
0.47989518,-0.35149128
1.98388709,0.34719447
0.01767057,0.48472322
1.63973069,-0.2903903
1.93234085,0.07191331
0.50182542,-0.28124049
1.92131143,0.08795067
1.27218805,-0.49839847
-0.17991824,1.05113695
0.45313188,0.83501794
0.57661067,0.91866747
0.91890236,0.05094601
1.66126853,-0.27417332
0.93754231,0.31141673
0.43259222,0.98248596
0.81240903,0.67636024
1.79715918,-0.22523247
1.85136909,0.01950897
-0.28310543,0.92613705
-0.33200647,0.89704522
0.69705317,0.67401312
-0.5848688,0.75420202
1.410478,-0.48635463
0.28775008,0.90331002
2.01271753,0.39040978
1.90322111,0.37913118
-0.19660598,1.03360508
1.91860411,0.33356697
-0.51117849,0.91587214
0.25122825,-0.12168653
0.42441636,-0.28007689
-0.82732218,0.63658724
0.72317376,0.73323934
0.3146377,0.91834902
-0.19863733,0.85272819
1.40393792,-0.4026791
0.16944605,1.05923183
1.86114741,0.02054439
-0.87510758,0.61476247
-0.43173442,0.87778217
-0.47313583,0.95848372
-0.00545783,0.49319087
-0.77913894,0.79140368
0.06258283,0.22305021
1.45041688,-0.32125234
1.45799871,-0.32341319
-0.5213861,0.85872396
1.1598403,-0.50140177
0.20577281,-0.08298137
0.4529676,0.80890391
0.6322443,0.83470439
0.02756807,0.40544702
1.00563377,-0.06066935
1.17315466,-0.40336867
1.41581295,-0.36057449
-0.75542806,0.64558974
-0.92145555,0.10421283
0.31917203,0.95907451
-0.72172026,0.62917295
0.55940515,-0.41535388
1.15491253,-0.48645016
1.8746272,0.18673349
0.12994906,1.0257899
0.91593059,-0.45378726
0.96528673,0.04788037
1.65971312,-0.28938264
1.05869021,-0.53148248
1.30017863,-0.47647108
1.01156903,0.04970397
1.93592682,0.2051634
0.64729364,-0.5017682
0.1969519,-0.13132121
0.76864651,0.62561557
-0.26871706,0.91722637
0.91021089,-0.51572673
1.51731127,-0.31310478
-0.89619366,0.26871031
1.0799399,-0.47074693
0.81977813,0.51492489
-0.94570965,0.25547895
0.12234624,0.05189367
1.78760218,-0.13964474
0.7529951,0.51555304
0.1806999,0.00622568
-0.81286806,0.57557908
-0.23320917,0.95395663
0.42376009,-0.30638503
-0.76046526,0.70742969
1.7525902,-0.15904012
-0.04741689,1.1425273
0.10393479,-0.06612847
1.71657181,-0.14844664
0.06231819,-0.10388036
-0.89909716,0.40050449
1.18318269,-0.51129026
1.90219332,0.15440076
-0.10301476,1.00528974
0.30017349,-0.30756014
0.25736919,0.96884225
1.10953924,0.20508623
0.77057819,0.56836623
0.93457678,0.06006245
0.96927871,0.28262208
1.65450585,-0.24611438
0.03238851,0.16972852
0.05043338,0.40340815
1.60077916,-0.34165069
-0.95775984,0.33799249
0.85506307,-0.50821928
1.74780828,-0.19378996
0.65393569,0.79422079
1.39370402,-0.43091767
2.0268349,0.40461873
0.58222542,0.81000412
0.90036697,0.24761285
0.22358576,-0.02107484
1.91345133,0.07815186
-0.93978935,0.60042811
0.63462477,-0.38242929
1.18561912,-0.38466169
0.30129193,-0.39607794
0.06225197,0.18854726
0.43921863,0.80902822
0.11407478,0.08659627
0.38513329,0.9245542
0.63679994,-0.3726323
0.27461744,-0.2027932
1.97259548,0.12730874
0.13773691,0.09217246
-0.04404158,1.06622257
0.54603141,0.8789417
0.84947946,0.41120006
0.21514979,0.09963294
0.90868238,-0.47656693
0.49508268,0.94184752
-0.75220277,0.61488831
0.61955032,-0.32572221
-0.83306889,0.54070725
1.88780348,-0.16400856
1.90195665,0.18156735
-0.37692454,0.94959448
0.34158098,0.9664198
-0.07304241,0.39743921
0.02134691,0.2960534
-0.64264216,0.71616339
1.93741804,0.23123673
1.40618075,-0.39961816
0.24313264,-0.2375913
1.04615581,-0.45595963
0.1964796,0.99091491
-0.67849425,0.74611095
1.48025669,-0.350615
1.49562213,-0.41658435
0.62739161,0.82052168
-0.84593569,0.24007716
0.17693767,0.15680665
1.62327575,-0.22613478
0.02565077,0.26418072
0.73671663,-0.51044822
1.75952917,-0.16466149
0.99285796,0.29735221
1.00433516,0.05084694
-0.32965853,0.82982525
1.9597444,0.31991188
1.91714232,0.07934733
1.77957418,-0.06343116
1.95690118,0.4177748
-0.83895139,0.55062682
-0.31210742,0.97209367
0.05408274,1.05556405
1.9393278,0.0295647
0.76666053,0.55635779
0.99465108,0.0682233
0.07685915,0.33772201
-0.63029785,0.80976712
-0.44766468,0.79741664
-0.42278746,0.92158619
0.19973068,-0.2838314
-1.08244476,0.13006242
0.93223401,0.38889164
1.79567309,-0.19588118
0.78885351,0.49882404
0.24184489,0.90670301
0.30958751,-0.18148238
1.39385417,-0.44582697
-0.66838568,0.72954046
0.8975507,0.24572391
0.07955232,0.12494748
0.90592417,0.32909061
0.47408146,0.86055892
1.86999842,-0.01618959
-0.43312736,0.80994739
1.90950927,0.02989686
0.54623069,-0.36003133
0.04090016,0.37069297
